INCIDENTE,INC
***,4952
A COMPROBAR,1836
A DEGRAISSER,1968
A LA INVERSA,0002
ABANDONO DE CICLO,7956
ABRAZADERA  MAL POSICIONADA,4320
ABRAZADERA DEFECTUOSA,1760
ABRAZADERA DETERIORADA,4340
ABRAZADERA FALTA,4330
ABRAZADERA FLOJA,4310
ABRAZADERA MAL CONECTADA,1776
ABRAZADERA MAL POSICIONADA,4320
ABRAZADERA TRASROSCADO,1759
ABSENT,2700
ACCESO DIFICIL,3701
ACTUA MAL,1705
ADHESIVO DESPEGADO,0743
AGARROTAMIENTO,1773
AGRAFE NON CLIPSEE,1969
AGRESIVO,4140
AISLANTE DE CABLEADO DETERIORADO,4220
AISLANTE DE CABLEADO FALTA,4170
AISLANTE DE CABLEADO MAL POSICIONADO,4180
AISLANTE DETERIORADO,5560
AISLANTE MAL POSICIONADO,5540
ALABEADO,7913
ALESAJE NO CONFORME,0003
ALFILER MAL CLIPSADO,0867
ALFILER NO MONTADO,0096
ALOJAMIENTO DE GRAPA DEFORMADO,1732
ALOJAMIENTO DEFORMADO,1727
ALOJAMIENTO FALTA,1728
ALOJAMIENTO OBTURADOR DETERIORADO,1734
ALOJAMIENTO SOLAPADO,1739
ALTURA AL SUELO FUERA DE TOLERANCIA,5220
ALTURA NO CONFORME,0033
AMPOLLAS,1002
AMPOLLAS DE MASTICO DOBLADO,1001
AMPOLLAS DEL MASTICO,1001
AMPOULE GRILLEE,0805
ANCLAJE INCORRECTO,3100
ANCLAJE ROTO,0974
ANGULO DE EMPUJE FUERA TOLERANCIA,7953
ANGULO VOLANTE FUERA TOLERANCIA,7954
ANOMALIA DE CARGA,B092
ANUNCIO DEFECTO SYP,4992
APERTURA INCORRECTA,5230
APLASTADO,0023
APLASTADO - HUNDIDO,2750
APPERAGE NO CONFORME,0728
APPERAGE NO REALIZADO,0729
APRIETE VARILLA COMPENSADOR FRENADO NC,7955
ARA¥AZOS,0205
ARANDELA - SEPARADOR DETERIORADA,4370
ARANDELA DEFECTUOSA,0768
ARANDELA FALTA,1754
ARANDELA MAL CLIPSADA,1722
ARRET CYCLE EXTERIEURS,7867
ARRET CYCLE MDA,7866
ARRET INSTALLATION DYNAMIQUE,7868
ARRUGAS,2850
ARRULLAMIENTO,7520
ASPECT ALUMINIUM,8979
ASPECTO DE SOLD. POR RESISTENCIA,0410
ASPECTO JUNTA - CORDON SOLDADURA,0400
ASPECTO NO CONFORME,0727
ASTILLADO,2350
ATASCADO,0924
ATORNILLADO NO CONFORME,0069
AUREOLA DE LUSTRADO,1440
AUSENCIA DE GRASA,4230
AUTO-ENCENDIDO,6430
AVANCE MAL REGLADO,5900
AVERIA DE INSTALACION,B071
AVERIA INSTALACION HUMEDO,B073
AVERIA INSTALACION PEV,7935
AVERIA INSTALACION SECO,B072
BACHE AL ACELERAR,6590
BAJA DEMASIADO,3210
BANDA DECOR. MAL POSICIONADA,4970
BANDA DECORATIVA DETERIORADA,4980
BANDA DECORATIVA NO CONFORME,4990
BARNIZ CRISTALIZADO,11AJ
BARRILLO,0994
BATIMIENTO,8310
BATIMIENTO AL CIERRE DE PUERTA,8311
BATIMIENTO SIN RUIDO,6210
BIELA AL REVES,0737
BITON A CONTROL MAROUFL,25AA
BITONO RECIRC TONO 1,25AF
BITONO RECIRC TONO 2,25AG
BLANCHISSEMENT,U637
BLISTERING,1100
BLOCAJE INESPERADO,6810
BLOCAJE PREMATURO,6220
BLOQUEADO,0007
BLOQUEADO CALIDAD MONTAJE,1897
BOLLO,0073
BOLLO ( EMBUTICION ),7862
BOLLO DEGRADA PEINT,7920
BOLLO DEGRADA TOLERIE,7919
BOLLOS,0210
BOLLOS ( CHAPA ),1799
BOLLOS ( MONTAJE ),1889
BOLLOS ( PINTURA ),1800
BOUTON MANQUE,7716
BRIDA ROTA,0972
BROCHE MAL FIJADO,0979
BROUILLARD ( PEINTURE ),1915
BRUIT ANORMAL AU DEMARRAGE,7420
BRUTALIDAD,6070
BURBUJAS,1161
BURBUJAS EN MASTICO,1000
BURBUJAS STRIPING,2530
BUTEE DETERIOREE,4855
BUTEE NON SERREE,4856
BUTEE NON-CONFORME,4857
BUTEE PROVISOIRE MANQUE,7717
CABLAGE MONTE A L ENVERS,0803
CABLE / HILO PILLADO,0911
CABLE MAL CLIPSADO,0914
CABLE MAL POSICIONADO,0934
CABLE MASSE NON SERRE,7735
CABLE NO CLIPSADO,0935
CABLE NON SERTI,8974
CABLEADO DEMASIADO CORTO,4572
CABLEADO DEMASIADO LARGO,4573
CABLEADO DETERIORADO,4560
CABLEADO MAL GRAPADO,4550
CABLEADO MAL- NO CONECTADO,4570
CABLEADO MAL POSICIONADO,0970
CABLEADO NO CLIPSADO,0915
CABLEADO NO CONECTADO (FOURN),1872
CABLEADO NO CONFORME,4574
CABLEADO OCULTO,0904
CABLEADO PILLADO,0791
CABLEADO VISIBLE,4540
CABLES CRUZADOS,0981
CAIDA DE AGUA DENTRO HABITACULO O COFRE,9900
CAIDO EN BALANCELA,0771
CALA NO CONFORME,0945
CALADO NO CONFORME,0009
CALAGE IRREGULIER,7763
CALAGE MANQUE,7762
CALIBRACION AVM NC,CA03
CALIBRACION CAMARA NC,CA02
CALIBRACION RADAR NC,CA01
CALIBRATION NC,CA04
CALIDAD DE SONIDO DEFECTUOSA,3330
CAMBIO,0996
CANALIZAC.DE RETORNO MAL POSICIONADA,5970
CAPTEUR MAL AGRAFE,1809
CAPTEUR MAUVAIS CHEMINEMENT,1810
CAPTEUR TROP COURT,1811
CARBURANTE FALTA,0872
CARBURANTE NO CORRESPONDE,0955
CARRERA EXCESIVA,6030
CARRERA INSUFICIENTE,6040
CARRERA PASO DE VEL. MUY LARGA,6780
CARRERA SELECCION DE VEL. MUY LARGA,6790
CARROSSAGE HORS TOLER,795A
CASCARILLA,0995
CASCARILLA B0,11AC
CASCARILLA BISAGRA,11AF
CASSE PLUME INSTALLATION,7861
CASSURE DE TOLE,0213
CASTA¥ETEO,8070
CAUDAL INSUFICIENTE,3510
CAUDAL NO CONFORME,7931
CENTRADOR DESPLAZADO,1749
CENTRADOR MUY LIBRE,1747
CERRADO,1706
CHAPA  AGRESIVA,0280
CHAPA AGRESIVA,0280
CHAPA MANCHADA,0392
CHAPA PREPROTEGIDA PUESTA AL DESNUDO,0226
CHAPA SOLAPADA,1738
CHILLIDO,7200
CLINCH O REMACHE AUSENTE,0413
CLINCH O REMACHE DEFECTUOSO,0414
CLINCH O REMACHE MAL ASPECTO,0411
CLINCH O REMACHE MAL POSICIONADO,0412
CLIP DETERIORADO,0917
CLIP LENGUETA DETERIORADA,4791
CLIP LENGUETA INVERTIDA,4794
CLIP LENGUETA RETROCEDIDA,4797
CLIPS MUY ANCHO,4790
CLIPS RACOR SE TIENE MAL - MAL POS.,4730
CLOQUEO,7330
CO MUY ALTO,6820
CO MUY BAJO,6821
COCCION INSUFICIENTE,0937
COLA DE BILLAR,0050
COLLIER MAL CLIPSE,7924
COLLIER NON-CONFORME,7869
COLOR NO CONFORME,2491
COLOR NO CONJUNTADO,1420
COLORES DESLUCIDOS,2470
COMPORTAMIENTO ANORMAL,6340
CON CUERPO EXTRANO,0006
CON REBABA,0004
CONDENSACION,4010
CONDICION TEST NO RESPETADA,1887
CONECTOR / TERMINAL INVERTIDO,4727
CONECTOR CERRADO,0926
CONECTOR DEFECTUOSO,0906
CONECTOR DETERIORADO,4721
CONECTOR FALTA,0895
CONECTOR MAL CLIPSADO,0894
CONECTOR MAL- NO CONECTADO,4724
CONECTOR NO CONECTADO,4725
CONECTOR NO CONFORME,0907
CONECTOR ROTO,0893
CONECTOR SIN CLIP,0973
CONECTOR SUELTO,0896
CONEXION DEFECTUOSA,5080
CONFIGURACION CARMINAT HECHA,1910
CONNECTEUR MAL SERRE,8973
CONNECTIQUE DETERIOREE,7828
CONSIGNE,8971
CONTACTO / ENTORNO DINAMICO,6020
CONTACTO PERM. - PERIOD./ TUBO,5024
CONTACTO PERM.- PERIOD. / E. MECANICO,5022
CONTACTO PERM.- PERIOD./ CABLEADO,5025
CONTACTO PERM.- PERIOD./ E. CHAPA,5021
CONTACTO PERM.- PERIOD./ E. EQUIPO,5023
CONTACTO PERMANENTE,0041
CONTACTO PERMANENTE O PERIODICO,3020
CONTACTOR HUNDIDO,1721
CONTROL NC,7908
CONTROLE A FAIRE CK06,CT01
CONTROLE A FAIRE CK07,CT02
CONTROLE A FAIRE CK08,CT03
CONTROLE A FAIRE CK09,CT04
CONTROLE A FAIRE CK1,7937
CONTROLE A FAIRE CK10,CT05
CONTROLE A FAIRE CK2,7938
CONTROLE A FAIRE CK3,7939
CONTROLE A FAIRE CK4,7940
CONTROLE A FAIRE CK5,7941
CONTROLE CONFORMITE NON REALISE,79AA
CONTROLE DESTRUCTIF,U220
COPELA MAL POSICIONADA,0946
CORDON PEGAMENTO NO CONFORME,7821
CORTADO,4160
CORTADO CABLE/HILO,0912
CORTOCIRCUITO,6050
COSSE NON-CONFORME,8975
COSTURA DEFECTUOSA,2620
COTA NC,U160
COULURE COLLE STRUCTURE,2541
COULURE MONTAGE,1921
COULURE PEINTURE,1920
COUPLE SERRAGE NC,7992
CRATER,1120
CRATER DE APRESTOS,0775
CRATER DE CATAFORESIS,1290
CRATER DE LACA,0776
CRATER EN EL BARNIZ,0864
CRUJE,6060
CRUJIDO,8030
CSR-IMMO FIXATION FILETEE NON SERREE,I260
DE MAS,1946
DEBORDEMENT MASTIC PEINTURE,7967
DECALADO,0015
DECONSIGNE,8972
DEFAUT ASPECT TOLERIE,1878
DEFAUT BANC D ESSAI,7909
DEFAUT BITON FINITION,25AC
DEFAUT BITON MAROUFL,25AB
DEFAUT BRUIT NON REPRODUIT,DBNR
DEFAUT ELECTRIQUE,1892
DEFAUT EOLT ABL,8964
DEFAUT EOLT ABSM,8966
DEFAUT EOLT NAPPE CHAUF,8961
DEFAUT EOLT NAPPE SBR,8962
DEFAUT EOLT PEDONCULE,8963
DEFAUT GEOMETRIE TOLERIE,1877
DEFAUT INDUIT,7928
DEFAUT PREPARATION POSTE FIXE,0804
DEFAUT PRESSION,U492
DEFAUT REMPLISSAGE CYCLE HUMIDE,7751
DEFAUT SELLERIE,1891
DEFAUT VISSAGE ABL,8970
DEFAUT VISSAGE ABSM,8967
DEFAUT VISSAGE ARMATURE,8969
DEFAUT VISSAGE DOSSIER,8955
DEFAUT VISSAGE GLISSIERE,8954
DEFAUT VISSAGE PEDONCULE,8968
DEFAUT ZIPPAGE ABL,8958
DEFECTO ABS / PEV,7752
DEFECTO APLICACION NEGRO ESTILO,1210
DEFECTO APRESTOS,1883
DEFECTO ASIENTOS,1908
DEFECTO CARROCERIA,1782
DEFECTO CICLO,7755
DEFECTO COMUNICACION PEV,7880
DEFECTO DE CHAPA,0220
DEFECTO DE MAQUINA,1792
DEFECTO DE MATERIAL,0773
DEFECTO DE MONTAJE,1869
DEFECTO DE PASO,0016
DEFECTO DE PRESION INICIAL,PINI
DEFECTO DE UNION 2 TONOS,1460
DEFECTO ELECTRICO NO REPRODUCIDO,DENR
DEFECTO FIJACION PANTALLA TERMICA,5610
DEFECTO LIJADO CATAFORESIS,0939
DEFECTO LIJADO DE APRESTO,0938
DEFECTO LLENADO SECO,1895
DEFECTO MASTICO,1882
DEFECTO MECANICA,1781
DEFECTO NO CONSTATADO,0770
DEFECTO PINTURA,0947
DEFECTO PROVEEDOR,1885
DEFECTO RECICLADO,0865
DEFECTO REDUNDANCIA,1893
DEFECTO TENSION,0866
DEFECTUOSO,0017
DEFORM POR PT DE SOLD,7923
DEFORMACION,0240
DEFORMACION ( CHAPA),1803
DEFORMACION (MONTAJE),1789
DEFORMACION (PINTURA,1788
DEFORMADO,2240
DEFORMATION EMBOUTISSAGE,7912
DEGRADADO ( FAB ),0077
DEGRADADO( PROVEEDOR ),0078
DEMASIADO ALTO,0090
DEMASIADO BAJO,0100
DEMASIADO CORTO,2420
DEMASIADO LARGO,2410
DEMASIADO RAPIDO,3270
DEPHASE,1806
DEPOSITO DE PARTICULAS,1190
DESABROCHA,0759
DESAFLORA CENTRAL AR,0921
DESAFLORA INFERIOR AR,0918
DESAFLORA SUPERIOR AR,0919
DESALINEADO,2130
DESB. MASTICO DESPUES DE PINTAR,2770
DESBORDAMIENTO DE GURIT,1876
DESBORDAMIENTO MASTICO DE CHAPA,0706
DESCALZADO,0761
DESCOLGON,1110
DESCOLGON DE APRESTO,0087
DESCOLGON DE BARNIZ,0862
DESCOLGON DE BASE,0969
DESCOLGON DE CATAFORESIS,0092
DESCOLGON DEL ROBOT DE BARNIZ,0789
DESCOLGON DEL ROBOT DE BASE,0788
DESCOLGON MANUAL DE LA BASE,0783
DESCOLGON MANUAL DEL BARNIZ,0785
DESCOLGON MAQUINA DE LA BASE,0786
DESCOLGON PINTURA BAJO PEGATINA,0863
DESCONCHADO,1510
DESCONCHADO LLEGA A LA CHAPA,1550
DESCONCHADO PINTURA,1926
DESCONCHADO POR TALONAMIENTO,1540
DESEMPA¥ADO FUNCIONA MAL,3151
DESGARRO - EXTRUSION - PERFORACION,0215
DESGUAZAR,0758
DESHILADO,0780
DESLIZAMIENTO DE RADIO,0320
DESLIZAMIENTO MANDO DEFECTUOSO,6056
DESLUCIDO,1260
DESOLDADO,4350
DESPAREJADO,0018
DESPEGADO,4660
DESPEGUE A GRAN VELOCIDAD,3990
DESPLAZADO,0968
DESUNIDO,3670
DESUNIDO AL SALPICADERO,1838
DETERIORADO,4450
DETERIORADO ( FAB ),1898
DETERIORADO ( PROV ),1899
DETERIORADO PASA-CABLES,4060
DIAMETRO NO CONFORME,0019
DIFFERENCE DE JEU EN SYMETRIE G / D,0031
DIMENSION NC,7976
DUREZA CIERRE NO COMPROBADA,1888
DUREZA INSUFICIENTE,1160
DURO,6080
DURO DE ABRIR,3250
DURO DE CERRAR,3220
DURO DE CLIPSAR,0965
DURO DE MANIOBRAR,3090
ECAILLAGE MONTAGE,1927
ECROU CAGE MANQUE,7715
EFFORT EMMANCHEMENT FORT,U455
ELEMENT A PEINDRE,7700
ELEMENTO A CAMBIAR,0757
ELEMENTO DE CHAPA IMPIDE EL MONTAJE,0180
ELEMENTO DE SOLDADURA IMPIDE EL MONTAJE,0500
ELEMENTO MUY VISIBLE,5004
EMBELLECEDOR CHARNELA MAL FIJADO,0733
EMBELLECEDOR CHARNELA NO MONTADO,0732
EMBELLECEDOR PLAFON FALTA,1745
EMPREINTES ( ECARTEUR ),7767
EMPREINTES ( OPERATEUR OU TUYAU ),7766
EMPREINTES MONTAGE,1923
EMPREINTES PEINTURE,1922
ENSAYO,7800
ENTERRADO,0086
ENTRA  AGUA MASTICO MAL POSICIONADO,9480
ENTRA  AGUA POR FALTA DE MASTICO,9470
ENTRA  AGUA POR SOLDADURA PERFORADA,9360
ENTRA AGUA ENTRE EQUIPAMIENTO Y JUNTA,9120
ENTRA AGUA ENTRE JUNTA Y CHAPA,9130
ENTRA AGUA MASTICO MAL POSICIONADO,9480
ENTRA AGUA POR FALTA DE JUNTA,9140
ENTRA AGUA POR FALTA DE MASTICO,9470
ENTRA AGUA POR FALTA DE OBTURADOR,9690
ENTRA AGUA POR SOLDADURA PERFORADA,9360
ENTRA ATRAVESADO,0855
ENTRADA  AGUA OBTURADOR MAL POSIC.,9070
ENTRADA AGUA OBTURADOR DETERIORADO,9080
ENTRADA AGUA OBTURADOR MAL POSIC.,9070
ENTRADA DE  AGUA ENTRE JUNTA Y OUVRANT,9110
ENTRADA DE AGUA ENTRE JUNTA Y OUVRANT,9110
ENTRADA DE AGUA LUNA BAJADA,0975
ENTRADA DE AGUA PLACADO JUNTA / OUVRANT,9100
ENTRADA DE AGUA POR AGUJERO,9200
ENTRADA DE AGUA POR AGUJERO MASTICO,9320
ENTRADA DE AGUA POR FIJACION,9220
ENTRADA DE AGUA POR HENDIDURA,9010
ENTRADA DE AGUA POR PORO,9200
ENTRADA DE AGUA POR VINILO DE PUERTA,9020
ENTRADA DE AIRE,3170
ENTRADA DE POLVO,9500
ENTRETOISE DEFECTUEUSE,7780
ENTRETOISE MANQUE,1936
EQUIPO MAL POSICIONADO / MAL CLIPSADO,0715
ERROR DE REFERENCIA,0101
ESCUADRA MAL CLIPSADA,0997
ESCUADRA NO MONTADA,0856
ESFUERZO EXCESIVO SALIDA VELOCIDAD,6830
ESFUERZO NC,U234
ESFUERZO SELEC. M. AR.- 5ø EXCESIVO,6710
ESFUERZO SELEC. M. AR.- 5ø MUY DEBIL,6720
ESPARRAGO CON PROYECCIONES,1746
ESPARRAGO DESOLDADO,0882
ESPARRAGO DETERIORADO,1949
ESPARRAGO FALTA,0848
ESPARRAGO FLOJO,0902
ESPARRAGO INCLINADO,1765
ESPARRAGO MAL POSICIONADO,0881
ESPARRAGO NO CONFORME,0880
ESPARRAGO ROTO,0899
ESPARRAGO TRASROSCADO,0984
ESPECIFICACION BE EN CURSO,4304
ESPESOR DE PINTURA EXCESIVO,1496
ESPESOR DE PINTURA INSUFICIENTE,1495
ESPOLVOREADO,0964
ESPUMA SIN MONTAR,0742
ESPUMA VISIBLE,2630
ESSAI S.A.O.,7921
ESTADO DE SUPERFICIE NC,0024
ESTANQUEIDAD A VERIFICAR,7972
ESTANQUEIDAD NO CONFORME,1947
ESTANQUIDAD DEFECTO NO REPRODUCIDO,EDNR
ETIQUETA MAL POSICIONADA,2800
ETIQUETA NO CONFORME,4704
ETIQUETTE VIOLABILITE,4971
EXTRICCION,0200
FALLADO,0038
FALLO DE CILINDRO,6250
FALLOS - TIRONES,6610
FALTA,4700
FALTA - NO CONF. TORN.- TUERCA - REMACHE,2250
FALTA  PRESION,3300
FALTA / NO APRETADO/MAL POS/SOLD DEF,1700
FALTA ADHESIVO,0793
FALTA AISLANTE,5550
FALTA APRESTO,0941
FALTA ARANDELA - SSPP,4360
FALTA AUTORIZACION REGLAJE FAROS,7960
FALTA BANDA DECORATIVA,4960
FALTA BETACOR,0717
FALTA BOMBILLA,0722
FALTA BRIDA,0977
FALTA BRILLO,7922
FALTA CABLE,0936
FALTA CALA,0873
FALTA CANALIZACION DE RETORNO,5990
FALTA CAPTURA DEFECTO EN GRET,1902
FALTA CENTRADOR,1748
FALTA CLIP,1774
FALTA CLIPS RACOR,4720
FALTA CODIGO,1896
FALTA CODIGO INYECTOR,1807
FALTA CODIGO RADIO,0723
FALTA CONTACTO,0744
FALTA COPELA,0877
FALTA CORDON,1752
FALTA DE ADHERENCIA,1200
FALTA DE BARNIZ,1221
FALTA DE COLOR,1750
FALTA DE EFICACIA,6330
FALTA DE ENERGÍA,7789
FALTA DE ESPESOR,2283
FALTA DE FIJACION ROSCADA,4250
FALTA DE INSCRIPCION,4630
FALTA DE MASTICO,1020
FALTA DE POTENCIA,6470
FALTA DE PROGRESIVIDAD,3460
FALTA DE RIGIDEZ,2930
FALTA ELEMENTO (PINTURA),0942
FALTA ESCUADRA,0762
FALTA ESPESOR DE MASTICO,1021
FALTA ESPESOR DE PINTURA,1220
FALTA ESPUMA,0745
FALTA ETIQUETA,4703
FALTA FLUIDO HUMEDO,7770
FALTA FLUIDO SECO,7769
FALTA FUSIBLE,5497
FALTA GRAPA SOPORTE,5580
FALTA GRECA / ESPEJO-LUNA,2940
FALTA IFF,7944
FALTA INFORMACION,1790
FALTA INSONORIZANTE ( CHAPA ),0943
FALTA ISONORIZANTE,0088
FALTA JAULA,0718
FALTA JUNQUILLO,0755
FALTA JUNTA,0782
FALTA JUNTA ADHESIVA,0956
FALTA JUNTA DE ESTANQUIDAD,4951
FALTA LAMPARA,3710
FALTA LOCTITE,1918
FALTA MASA ACUSTICA,5383
FALTA MASTICO DESPUES DE PINTAR,2780
FALTA MATERIAL,1939
FALTA MOLAR,0094
FALTA MUELA,0989
FALTA MUELLE,7791
FALTA OBTURADOR,4690
FALTA OBTURADOR EXT,7926
FALTA OBTURADOR INT,7925
FALTA PANTALLA TERMICA,5630
FALTA PASA-CABLES,4050
FALTA PASTA DE ESTANQUIDAD,5510
FALTA PASTILLA,1753
FALTA PATILLA,1740
FALTA PEGATINA  ANTI-CORROSION ,4702
FALTA PEGATINA ANTI-CORROSION,4702
FALTA PEON,0719
FALTA PEON ANTIEMPOTRAMIENTO,1871
FALTA PEON DE CENTRAJE,1941
FALTA PIEZA ( DLI ),8977
FALTA PIEZA ( MONTAJE ),7723
FALTA PIEZA ( PROVEDOR ),7722
FALTA PIEZAS ( CHAPA ),0944
FALTA PINTURA DE ESTILO ( NEGRO),1222
FALTA PINTURA DE ESTILO (NEGRO),1222
FALTA PLASTIRIVERT,1775
FALTA PLOMO TAQUIMETRO,0846
FALTA PRESION,3300
FALTA PROFUNDIDAD DE PINTURA,1301
FALTA PROGRESIVIDAD,6460
FALTA PROTECCION,MQ03
FALTA PROTECCION SOLDADURA,MQ04
FALTA PROTECTOR,4870
FALTA REFERENCIA - MARCA DE CONTROL,5060
FALTA RELE,4701
FALTA RETEN,1768
FALTA ROMANA,0713
FALTA ROSCA,1756
FALTA SEGUNDO COLOR,7970
FALTA SELLO CHAPA,0850
FALTA SELLO FERRAJE,0851
FALTA SOPORTE,5370
FALTA TALADRO,1707
FALTA TAPA,0961
FALTA TAPON,1934
FALTA TERMINAL - CLIP - CONECTOR,4830
FALTA TETON,0927
FALTA TIRANTE - CABLE,4410
FALTA TOBERA,1755
FALTA TOPE,4850
FALTA TROQUELADO CHASIS,0724
FALTA TUBO,1751
FALTA TUBO DE IDA,4640
FALTA TUBO DE RETORNO,4770
FALTA TUCKER,0711
FARO NO CONFORME,7959
FECHA DE CADUCIDAD NO CONFORME,5009
FIBRA,0781
FIBRA B0,11AD
FIBRA EN BARNIZ,11AI
FIBRA EN BASE,11AH
FIJA..REMACH.GRUPILLA MAL POSICION.(CH),0650
FIJA..REMACH.O GRUPILLA AGRESIVA(CH),0640
FIJA..REMACH.O GRUPILLA FALTA (CH),0600
FIJA..REMACH.O GRUPILLA NO CONFORME(CH),0630
FIJACION A CARROCERIA NO CONFORME,T035
FIJACION A COPELA NO CONFORME N 41,T041
FIJACION A COPELA NO CONFORME N 42,T042
FIJACION A DISCO D NO CONFORME,T410
FIJACION A DISCO I NO CONFORME,T409
FIJACION A SOPORTE NO CONFORME,T033
FIJACION ALIM ALTERNADOR NO CONFORME,T101
FIJACION ALIM ARRANQUE NO CONFORME,T103
FIJACION AR NO CONFORME,T052
FIJACION ARD NO CONFORME,0824
FIJACION ARD NO CONFORME N 10,T010
FIJACION ARD NO CONFORME N 22,T022
FIJACION ARD NO CONFORME N 29,T029
FIJACION ARD NO CONFORME N 6,T006
FIJACION ARG NO CONFORME N 17,T017
FIJACION ARI NO CONFORME,0823
FIJACION ARI NO CONFORME N 15,T015
FIJACION ARI NO CONFORME N 25,T025
FIJACION ARI NO CONFORME N 5,T005
FIJACION ARI NO CONFORME N 9,T009
FIJACION ATORNILLADA FLOJA - ARD,1835
FIJACION ATORNILLADA FLOJA - ARI,1834
FIJACION ATORNILLADA FLOJA - AVD,1833
FIJACION ATORNILLADA FLOJA - AVI,1832
FIJACION AV NO CONFORME,T051
FIJACION AVD NO CONFORME,0822
FIJACION AVD NO CONFORME N 14,T014
FIJACION AVD NO CONFORME N 2,T002
FIJACION AVD NO CONFORME N 20,T020
FIJACION AVD NO CONFORME N 24,T024
FIJACION AVD NO CONFORME N 8,T008
FIJACION AVI NO CONFORME,0821
FIJACION AVI NO CONFORME N 1,T001
FIJACION AVI NO CONFORME N 11,T011
FIJACION AVI NO CONFORME N 19,T019
FIJACION AVI NO CONFORME N 7,T007
FIJACION BIELETA NO CONFORME N 30,T030
FIJACION CABLE GMP / TDB NO CONFORME,T054
FIJACION CABLE MASA CVA NO CONFORME,T106
FIJACION CABLE MASA CVM NO CONFORME,T105
FIJACION CABLE UCH / USM NO CONFORME,T053
FIJACION CENTRAL D NO CONFORME N 18,T018
FIJACION CENTRAL DCH NO CONFORME,0826
FIJACION CENTRAL I NO CONFORME N 13,T013
FIJACION CENTRAL I NO CONFORME N 21,T021
FIJACION CENTRAL I NO CONFORME N 23,T023
FIJACION CENTRAL I NO CONFORME N 26,T026
FIJACION CENTRAL IZQ NO CONFORME,0825
FIJACION CREMALLERA NO CONFORME,T404
FIJACION EJE PENDULAR NO CONFORME,T102
FIJACION ESCAPE NO CONFORME,T012
FIJACION EXCITACION ARRANQUE NO CONFORME,T104
FIJACION FALTA,1743
FIJACION GPL NO CONFORME,T027
FIJACION INF FLOJA,1723
FIJACION INFERIOR NO CONFORME,T032
FIJACION INFERIOR NO CONFORME N 36,T036
FIJACION INFERIOR NO CONFORME N 37,T037
FIJACION MEDIO ARI NO CONFORME,T028
FIJACION MOTOR / CARROCERIA NO CONFORME,T034
FIJACION NO CONFORME ARD N 16,T016
FIJACION NO CONFORME BRC D,VBRD
FIJACION NO CONFORME BRC I,VBRI
FIJACION NO CONFORME N 1,VA01
FIJACION NO CONFORME N 10,VR10
FIJACION NO CONFORME N 11,VR11
FIJACION NO CONFORME N 12,VT12
FIJACION NO CONFORME N 13,VR13
FIJACION NO CONFORME N 14,VT14
FIJACION NO CONFORME N 15,VT15
FIJACION NO CONFORME N 16,VT16
FIJACION NO CONFORME N 17,VT17
FIJACION NO CONFORME N 18,VE18
FIJACION NO CONFORME N 19,VT19
FIJACION NO CONFORME N 2,VA02
FIJACION NO CONFORME N 21,VR21
FIJACION NO CONFORME N 23,VR23
FIJACION NO CONFORME N 3,T503
FIJACION NO CONFORME N 4,T504
FIJACION NO CONFORME N 48,T048
FIJACION NO CONFORME N 5,T505
FIJACION NO CONFORME N 6,VB06
FIJACION NO CONFORME N 7,VTM7
FIJACION NO CONFORME N 8,VTM8
FIJACION NO CONFORME N 9,VE09
FIJACION NO CONFORME RACOR R12,TF04
FIJACION NO CONFORME RACOR R15/35,TF07
FIJACION NO CONFORME RACOR R32,TF03
FIJACION NO CONFORME RACOR R64,TF05
FIJACION NO CONFORME RACOR R94,TF06
FIJACION NO-CONFORME RACOR R46/48/83,TF02
FIJACION NO-CONFORME RACORD R39/63/19/93,TF01
FIJACION NON CONF N 20,VR20
FIJACION P-A NO CONFORME D,T400
FIJACION P-A NO CONFORME I,T401
FIJACION P-B NO CONFORME D,T402
FIJACION P-B NO CONFORME I,T403
FIJACION PINZA FRENO D NO CONFORME,T408
FIJACION PINZA FRENO I NO CONFORME,T407
FIJACION RAMPA INF NO CONFORME,T050
FIJACION ROSCADA DETERIORADA,4711
FIJACION ROSCADA FLOJA,4260
FIJACION ROSCADA MUY APRETADA,4270
FIJACION ROSCADA NO CONFORME,4710
FIJACION ROSCADA NO FRENADA,4280
FIJACION ROSCADA NO FRENADA ,4280
FIJACION ROTULA INF D NO CONFORME,T406
FIJACION ROTULA INF I NO CONFORME,T405
FIJACION SUP FLOJA,1724
FIJACION TIRANT FIJ SUP D NO CONFORME,T004
FIJACION TIRANT FIJ SUP I NO CONFORME,T003
FIL POUDRE,U685
FILAMENTO PLASTICO,1718
FILM PROJECTION MANQUE,1983
FIXAT PAT SUPT TUY CARBU N° 113 N-SERRE,F113
FIXAT VIS CARENAGE SS-CAISSE ARD N° 100,F100
FIXAT VIS CARENAGE SS-CAISSE ARD N° 101,F101
FIXAT VIS CARENAGE SS-CAISSE ARD N° 106,F106
FIXAT VIS CARENAGE SS-CAISSE ARD N° 99 N,FV99
FIXAT VIS CARENAGE SS-CAISSE ARG N° 107,F107
FIXAT VIS CARENAGE SS-CAISSE ARG N° 108,F108
FIXAT VIS CARENAGE SS-CAISSE ARG N° 109,F109
FIXAT VIS CARENAGE SS-CAISSE ARG N° 110,F110
FIXAT VIS CARENAGE SS-CAISSE ARG N° 111,F111
FIXAT VIS CARTER AERO N° 76 N-SERRE,FV76
FIXAT VIS CARTER AERO N° 77 N-SERRE,FV77
FIXAT VIS CARTER AERO N° 78 N-SERRE,FV78
FIXAT VIS CARTER AERO N° 79 N-SERRE,FV79
FIXAT VIS CLIM N° 70 N-SERRE,FV70
FIXAT VIS CLIM N° 71 N-SERRE,FV71
FIXAT VIS CLIM N° 72 N-SERRE,FV72
FIXAT VIS CLIM N° 73 N-SERRE,FV73
FIXAT VIS CLIM N° 74 N-SERRE,FV74
FIXAT VIS CLIM N° 75 N-SERRE,FV75
FIXAT VIS CLIM N° 98 N-SERRE,FV98
FIXAT VIS D BARRE ANTI-DEV AR N° 87 N-SE,FV87
FIXAT VIS ECHAP N° 81 N-SERRE,FV81
FIXAT VIS ECHAP N° 82 N-SERRE,FV82
FIXAT VIS F.A.P. N° 102 N-SERRE,F102
FIXAT VIS F.A.P. N° 103 N-SERRE,F103
FIXAT VIS G BARRE ANTI-DEV AR N° 92 N-SE,FV92
FIXAT VIS PALIER D TRAIN AR N° 83 N-SERR,FV83
FIXAT VIS PALIER D TRAIN AR N° 84 N-SERR,FV84
FIXAT VIS PALIER D TRAIN AR N° 85 N-SERR,FV85
FIXAT VIS PALIER D TRAIN AR N° 86 N-SERR,FV86
FIXAT VIS PALIER G TRAIN AR N° 88 N-SERR,FV88
FIXAT VIS PALIER G TRAIN AR N° 89 N-SERR,FV89
FIXAT VIS PALIER G TRAIN AR N° 90 N-SERR,FV90
FIXAT VIS PALIER G TRAIN AR N° 91 N-SERR,FV91
FIXAT VIS RESERVOIR N° 93 N-SERRE,FV93
FIXAT VIS RESERVOIR N° 94 N-SERRE,FV94
FIXAT VIS RESERVOIR N° 95 N-SERRE,FV95
FIXAT VIS RESERVOIR N° 96 N-SERRE,FV96
FIXAT VIS RESERVOIR N° 97 N-SERRE,FV97
FIXAT VIS SS-CAISSE N° 80 N-SERRE,FV80
FIXAT VIS TREUIL ROUE DE SEC N° 104 N-SE,F104
FIXAT VIS TREUIL ROUE DE SEC N° 105 N-SE,F105
FIXATION A1 NON SERREE,F0A1
FIXATION A2 NON SERREE,F0A2
FIXATION ARD N 6 NON SERREE,FV06
FIXATION ARG N 5 NON SERREE,FV05
FIXATION AVANT GAUCHE N 11 NON SERREE,FV11
FIXATION AVD N 14 NON SERREE,FV14
FIXATION AVD N 4 NON SERREE,FV04
FIXATION AVG N 3 NON SERREE,FV03
FIXATION B3 NON SERREE,F0B3
FIXATION B4 NON SERREE,F0B4
FIXATION B5 NON SERREE,F0B5
FIXATION B6 NON SERREE,F0B6
FIXATION BAC D N 24 NON SERREE,FV24
FIXATION BAC D N 26 NON SERREE,FV26
FIXATION BAC D N 29 NON SERREE,FV29
FIXATION BAC G N 23 NON SERREE,FV23
FIXATION BERCEAU N 1 NON SERREE,FV01
FIXATION BERCEAU N 2 NON SERREE,FV02
FIXATION BIELETA NO CONFORME N 411,T411
FIXATION BIELLETTE N 30 NON SERREE,FV30
FIXATION BIELLETTE N 31 NON SERREE,FV31
FIXATION BRC D NON SERREE,FBRD
FIXATION BRC G NON SERREE,FBRG
FIXATION CA1 NON SERREE,FCA1
FIXATION CA2 NON SERREE,FCA2
FIXATION CF1 NON SERREE,FCF1
FIXATION CF2 NON SERREE,FCF2
FIXATION CP1 NON SERREE,FCP1
FIXATION CP2 NON SERREE,FCP2
FIXATION D BERCEAU N 16,FV16
FIXATION E18 NON SERREE,FE18
FIXATION E2 NON SERREE,F0E2
FIXATION E5 NON SERREE,F0E5
FIXATION E6 NON SERREE,F0E6
FIXATION E9 NON SERREE,F0E9
FIXATION ECRAN THERMIQUE N 13 NON SERREE,FV13
FIXATION ELEMENTO PORTADOR D NO CONFORME,T412
FIXATION ELEMENTO PORTADOR I NO CONFORME,T413
FIXATION EXT NON SERRE,7739
FIXATION G BERCEAU N 15,FV15
FIXATION HV1 NON SERREE,FHV1
FIXATION HV2 NON SERREE,FHV2
FIXATION I1 NON SERREE,F0I1
FIXATION I2 NON SERREE,F0I2
FIXATION I8 NON SERREE,F0I8
FIXATION INT NON SERRE,7738
FIXATION N 27 NON SERREE,FV27
FIXATION N 28 NON SERREE,FV28
FIXATION NO CONFORME N 1,T501
FIXATION NO CONFORME N 2,T502
FIXATION NON SERREE,7852
FIXATION PALIER ARD AV N 20 NON SERREE,FV20
FIXATION PALIER ARD EXT N 18 NON SERREE,FV18
FIXATION PALIER ARD INT N 22 NON SERREE,FV22
FIXATION PALIER ARG AV N 19 NON SERREE,FV19
FIXATION PALIER ARG EXT N 17 NON SERREE,FV17
FIXATION PALIER ARG INT N 21 NON SERREE,FV21
FIXATION PC1 NON SERREE,FPC1
FIXATION PC2 NON SERREE,FPC2
FIXATION PL1 NON SERREE,FPL1
FIXATION PL2 NON SERREE,FPL2
FIXATION PL3 NON SERREE,FPL3
FIXATION PL4 NON SERREE,FPL4
FIXATION PL5 NON SERREE,FPL5
FIXATION PLOT F4 N 12 NON SERREE,FV12
FIXATION PLOT F7 N 25 NON SERREE,FV25
FIXATION R10 NON SERREE,FR10
FIXATION R11 NON SERREE,FR11
FIXATION R13 NON SERREE,FR13
FIXATION R21 NON SERREE,FR21
FIXATION R23 NON SERREE,FR23
FIXATION R5 NON SERREE,F0R5
FIXATION R98 NON SERRE,FR98
FIXATION SM1 NON SERREE,FSM1
FIXATION SM2 NON SERREE,FSM2
FIXATION SM3 NON SERREE,FSM3
FIXATION SM4 NON SERREE,FSM4
FIXATION T12 NON SERREE,FT12
FIXATION T14 NON SERREE,FT14
FIXATION T15 NON SERREE,FT15
FIXATION T16 NON SERREE,FT16
FIXATION T17 NON SERREE,FT17
FIXATION T19 NON SERREE,FT19
FIXATION TC18 NON SERREE,TC18
FIXATION TF15 NON SERREE,TF15
FIXATION TIRANT CHAPE ARD N 10 NON SERRE,FV10
FIXATION TIRANT CHAPE ARG N 9 NON SERREE,FV09
FIXATION TIRANT CHAPE AVD N 8 NON SERREE,FV08
FIXATION TIRANT CHAPE AVG N 7 NON SERREE,FV07
FIXATION TM10 NON SERREE,TM10
FIXATION TM11 NON SERREE,TM11
FIXATION TM12 NON SERREE,TM12
FIXATION TM7 NON SERREE,FTM7
FIXATION TM8 NON SERREE,FTM8
FIXATION TM9 NON SERREE,FTM9
FIXATION TUBO P-B NO CONFORME,T414
FIXATION TUBO P-C NO CONFORME,T415
FIXATION VE13 NON SERREE,VE13
FIXATION VE14 NON SERREE,VE14
FIXATION VE19 NON SERREE,VE19
FIXATION VE21 NON SERREE,VE21
FIXATION VE26 NON SERREE,VE26
FIXATION VF1 NON SERREE,FVF1
FIXATION VF2 NON SERREE,FVF2
FIXATION VF3 NON SERREE,FVF3
FIXATION VF4 NON SERREE,FVF4
FIXATION VIS 32 NON SERREE,FV32
FIXATION VIS 33 NON SERREE,FV33
FIXATION VIS 34 NON SERREE,FV34
FIXATION VIS 37 NON SERREE,FV37
FIXATION VIS 38 NON SERREE,FV38
FIXATION VIS 39 NON SERREE,FV39
FIXATION VIS 40 NON SERREE,FV40
FIXATION VIS 43 NON SERREE,FV43
FIXATION VIS 46 NON SERREE,FV46
FIXATION VIS 47 NON SERREE,FV47
FIXATION VIS 50 NON SERREE,FV50
FIXATION VIS 51 NON SERREE,FV51
FIXATION VIS 54 NON SERREE,FV54
FIXATION VIS 55 NON SERREE,FV55
FIXATION VIS NON SERREE,FV41
FIXATION VR16 NON SERREE,VR16
FIXATION VR17 NON SERREE,VR17
FIXATION VR22 NON SERREE,VR22
FIXATION VR24 NON SERREE,VR24
FLASH PINTURA,1720
FLECHA,0026
FLOJO,0
FOFO,3200
FORCE RESIDUELLE NC,U574
FRAGILE,3322
FRENADO,0028
FRISURE MASTIC,7761
FUERA DE SINCRONO,0034
FUERA DE TOLERANCIA,0035
FUGA,3310
FUGA DE ACEITE,5130
FUGA DE AGUA,0764
FUGA DE AIRE,6170
FUGA DE CARBURANTE,5090
FUGA DE GASOIL,0765
FUGA DE GASOLINA,0766
FUGA DE GRASA,5120
FUGA DE LIQUIDO DE FRENOS,5131
FUGA DE LIQUIDO LIMPIACRISTALES,4772
FUGA DE LUZ,4212
FUGA DEL CRISTAL LIQUIDO,3350
FUGA ECOTEC (DNR),1894
FUGA FLUIDO DE REFRIGERACION,5100
FUGA GASES DE ESCAPE,5110
FUGA LIQUIDO DIRECCION ASISTIDA,0734
FUNCIONAMIENTO INCOMPLETO,3150
FUNCIONAMIENTO INEFICAZ,6160
FUNCIONAMIENTO INTEMPESTIVO,3120
FUNCIONAMIENTO INTERMITENTE,3130
FUNCIONAMIENTO INVERTIDO,3121
FUNCIONAMIENTO TARDIO,3140
FUNDA DE PLASTICO ROTA,0712
FUSIBLE DEFECTUOSO,0898
FUSIBLE MAL CONECTADO,4844
FUSIBLE NO CONFORME,5499
GAMA ALIGERADA NO RESPETADA,1590
GAMA NO RESPETADA,1791
GEN PROCESS BITON,25AH
GENERICO PINTURA,PEIN
GENERIQUE MECANIQUE,MECA
GENERIQUE SELLERIE,SELL
GENERIQUE TOLERIE,TOLE
GIRA DURO,0854
GOLPE,0005
GOLPES AL PASO DE VELOCIDADES / BVA.,6640
GOLPETEO,8020
GOLPETEO AL CONTACTO,7190
GORGOJEO RETENIENDO,7250
GORGOJEO TIRANDO,7260
GOTA,1170
GOTA B0,11AE
GOTA DE ACEITE,0940
GOTA DE AGUA,0858
GOTA DE APRESTO,0093
GOTA DE BARNIZ,0859
GOTA DE CATAFORESIS,1280
GOTA DE DISOLVENTE,0860
GOTA DE GRASA,0861
GOTA DE LACA,7742
GOUPILLE NON RETIREE,7969
GOUTTE BASE,0714
GRANO,1180
GRANO DE MASTICO,0857
GRANOS DE APRESTO,0779
GRANOS DE CATAFORESIS,0778
GRANOS DE LACA,0777
GRAPA - SOPORTE INEFICAZ,4111
GRAPA - SOPORTE MAL CLIPSADO,4112
GRAPA AGRESIVA,4131
GRAPA DEFECTUOSA,1758
GRAPA DETERIORADA,4130
GRAPA FALTA,4120
GRAPA FLOJA,4290
GRAPA MAL POSICIONADA,4110
GRAPA NO CONFORME,4121
GRAPA NO MONTADA,0916
GRAPA ROTA,0892
GRAPA SOPORTE DETERIORADA,5590
GRAPA SOPORTE FLOJA,5600
GRAPA SOPORTE MAL POSICIONADA,5570
GRASA SUPERABUNDANTE,2760
GRIETA,0216
GRILLEO,8040
GRU¥IDO,7280
GRUPILLA NO CONFORME,0029
GUARDA DEFECTUOSA,5140
GURIT MAL APLICADO,7934
HAZ NO MONTADO,0748
HIGIENE VEHICULO,HIVE
HILO APARENTE,2610
HOLOGRAMME,25AI
HORMIGUEO,6441
HUELLA NO CONFORME,0066
HUELLAS,1270
HUELLAS DE EMPAPELADO-ENMASCARADO,1480
HUELLAS EN MATERIAL DE PLASTICO,2550
HULULEMENT,7580
HUMEDAD,7932
HUMOS ANORMALES,6300
IFF MAL POSITIONNE,7945
ILUMINACION DEFECTUOSA,3260
ILUMINACION INSUFICIENTE,3760
ILUMINACION MAL REPARTIDA,4211
IMAGEN DEFORMADA,3500
IMPOSIBLE CONTROLAR,1973
IMPOSIBLE DE MONTAR,5231
IMPRECISION,6180
INCIDENT REAL 2 0 0,R200
INCIDENTE GENERICO AUTOCONTROL,0001
INCIDENTE REALINEACION 0 0 1,R001
INCIDENTE REALINEACION 0 0 2,R002
INCIDENTE REALINEACION 0 0 3,R003
INCIDENTE REALINEACION 0 0 4,R004
INCIDENTE REALINEACION 0 0 5,R005
INCIDENTE REALINEACION 0 0 6,R006
INCIDENTE REALINEACION 0 0 7,R007
INCIDENTE REALINEACION 0 0 8,R008
INCIDENTE REALINEACION 0 0 9,R009
INCIDENTE REALINEACION 0 1 0,R010
INCIDENTE REALINEACION 0 1 1,R011
INCIDENTE REALINEACION 0 1 2,R012
INCIDENTE REALINEACION 0 1 3,R013
INCIDENTE REALINEACION 0 1 4,R014
INCIDENTE REALINEACION 0 1 5,R015
INCIDENTE REALINEACION 0 1 6,R016
INCIDENTE REALINEACION 0 1 7,R017
INCIDENTE REALINEACION 0 1 8,R018
INCIDENTE REALINEACION 0 1 9,R019
INCIDENTE REALINEACION 0 2 0,R020
INCIDENTE REALINEACION 0 2 1,R021
INCIDENTE REALINEACION 0 2 2,R022
INCIDENTE REALINEACION 0 2 3,R023
INCIDENTE REALINEACION 0 2 4,R024
INCIDENTE REALINEACION 0 2 5,R025
INCIDENTE REALINEACION 0 2 6,R026
INCIDENTE REALINEACION 0 2 7,R027
INCIDENTE REALINEACION 0 2 8,R028
INCIDENTE REALINEACION 0 2 9,R029
INCIDENTE REALINEACION 0 3 0,R030
INCIDENTE REALINEACION 0 3 1,R031
INCIDENTE REALINEACION 0 3 2,R032
INCIDENTE REALINEACION 0 3 3,R033
INCIDENTE REALINEACION 0 3 4,R034
INCIDENTE REALINEACION 0 3 5,R035
INCIDENTE REALINEACION 0 3 6,R036
INCIDENTE REALINEACION 0 3 7,R037
INCIDENTE REALINEACION 0 3 8,R038
INCIDENTE REALINEACION 0 3 9,R039
INCIDENTE REALINEACION 0 4 0,R040
INCIDENTE REALINEACION 0 4 1,R041
INCIDENTE REALINEACION 0 4 2,R042
INCIDENTE REALINEACION 0 4 3,R043
INCIDENTE REALINEACION 0 4 4,R044
INCIDENTE REALINEACION 0 4 5,R045
INCIDENTE REALINEACION 0 4 6,R046
INCIDENTE REALINEACION 0 4 7,R047
INCIDENTE REALINEACION 0 4 8,R048
INCIDENTE REALINEACION 0 4 9,R049
INCIDENTE REALINEACION 0 5 0,R050
INCIDENTE REALINEACION 0 5 1,R051
INCIDENTE REALINEACION 0 5 2,R052
INCIDENTE REALINEACION 0 5 3,R053
INCIDENTE REALINEACION 0 5 4,R054
INCIDENTE REALINEACION 0 5 5,R055
INCIDENTE REALINEACION 0 5 6,R056
INCIDENTE REALINEACION 0 5 7,R057
INCIDENTE REALINEACION 0 5 8,R058
INCIDENTE REALINEACION 0 5 9,R059
INCIDENTE REALINEACION 0 6 0,R060
INCIDENTE REALINEACION 0 6 1,R061
INCIDENTE REALINEACION 0 6 2,R062
INCIDENTE REALINEACION 0 6 3,R063
INCIDENTE REALINEACION 0 6 4,R064
INCIDENTE REALINEACION 0 6 5,R065
INCIDENTE REALINEACION 0 6 6,R066
INCIDENTE REALINEACION 0 6 7,R067
INCIDENTE REALINEACION 0 6 8,R068
INCIDENTE REALINEACION 0 6 9,R069
INCIDENTE REALINEACION 0 7 0,R070
INCIDENTE REALINEACION 0 7 1,R071
INCIDENTE REALINEACION 0 7 2,R072
INCIDENTE REALINEACION 0 7 3,R073
INCIDENTE REALINEACION 0 7 4,R074
INCIDENTE REALINEACION 0 7 5,R075
INCIDENTE REALINEACION 0 7 6,R076
INCIDENTE REALINEACION 0 7 7,R077
INCIDENTE REALINEACION 0 7 8,R078
INCIDENTE REALINEACION 0 7 9,R079
INCIDENTE REALINEACION 0 8 0,R080
INCIDENTE REALINEACION 0 8 2,R082
INCIDENTE REALINEACION 0 8 3,R083
INCIDENTE REALINEACION 0 8 4,R084
INCIDENTE REALINEACION 0 8 5,R085
INCIDENTE REALINEACION 0 8 6,R086
INCIDENTE REALINEACION 0 8 7,R087
INCIDENTE REALINEACION 0 8 8,R088
INCIDENTE REALINEACION 0 8 9,R089
INCIDENTE REALINEACION 0 9 0,R090
INCIDENTE REALINEACION 0 9 1,R091
INCIDENTE REALINEACION 0 9 2,R092
INCIDENTE REALINEACION 0 9 3,R093
INCIDENTE REALINEACION 0 9 4,R094
INCIDENTE REALINEACION 0 9 5,R095
INCIDENTE REALINEACION 0 9 6,R096
INCIDENTE REALINEACION 0 9 7,R097
INCIDENTE REALINEACION 0 9 8,R098
INCIDENTE REALINEACION 0 9 9,R099
INCIDENTE REALINEACION 1 0 0,R100
INCIDENTE REALINEACION 1 0 1,R101
INCIDENTE REALINEACION 1 0 2,R102
INCIDENTE REALINEACION 1 0 3,R103
INCIDENTE REALINEACION 1 0 4,R104
INCIDENTE REALINEACION 1 0 5,R105
INCIDENTE REALINEACION 1 0 6,R106
INCIDENTE REALINEACION 1 0 7,R107
INCIDENTE REALINEACION 1 0 8,R108
INCIDENTE REALINEACION 1 0 9,R109
INCIDENTE REALINEACION 1 1 0,R110
INCIDENTE REALINEACION 1 1 1,R111
INCIDENTE REALINEACION 1 1 2,R112
INCIDENTE REALINEACION 1 1 3,R113
INCIDENTE REALINEACION 1 1 4,R114
INCIDENTE REALINEACION 1 1 5,R115
INCIDENTE REALINEACION 1 1 6,R116
INCIDENTE REALINEACION 1 1 7,R117
INCIDENTE REALINEACION 1 1 8,R118
INCIDENTE REALINEACION 1 1 9,R119
INCIDENTE REALINEACION 1 2 0,R120
INCIDENTE REALINEACION 1 2 1,R121
INCIDENTE REALINEACION 1 2 2,R122
INCIDENTE REALINEACION 1 2 3,R123
INCIDENTE REALINEACION 1 2 4,R124
INCIDENTE REALINEACION 1 2 5,R125
INCIDENTE REALINEACION 1 2 6,R126
INCIDENTE REALINEACION 1 2 7,R127
INCIDENTE REALINEACION 1 2 8,R128
INCIDENTE REALINEACION 1 2 9,R129
INCIDENTE REALINEACION 1 3 0,R130
INCIDENTE REALINEACION 1 3 1,R131
INCIDENTE REALINEACION 1 3 2,R132
INCIDENTE REALINEACION 1 3 3,R133
INCIDENTE REALINEACION 1 3 4,R134
INCIDENTE REALINEACION 1 3 5,R135
INCIDENTE REALINEACION 1 3 6,R136
INCIDENTE REALINEACION 1 3 7,R137
INCIDENTE REALINEACION 1 3 8,R138
INCIDENTE REALINEACION 1 3 9,R139
INCIDENTE REALINEACION 1 4 0,R140
INCIDENTE REALINEACION 1 4 1,R141
INCIDENTE REALINEACION 1 4 2,R142
INCIDENTE REALINEACION 1 4 3,R143
INCIDENTE REALINEACION 1 4 4,R144
INCIDENTE REALINEACION 1 4 5,R145
INCIDENTE REALINEACION 1 4 6,R146
INCIDENTE REALINEACION 1 4 7,R147
INCIDENTE REALINEACION 1 4 8,R148
INCIDENTE REALINEACION 1 4 9,R149
INCIDENTE REALINEACION 1 5 0,R150
INCIDENTE REALINEACION 1 5 1,R151
INCIDENTE REALINEACION 1 5 2,R152
INCIDENTE REALINEACION 1 5 3,R153
INCIDENTE REALINEACION 1 5 4,R154
INCIDENTE REALINEACION 1 5 5,R155
INCIDENTE REALINEACION 1 5 6,R156
INCIDENTE REALINEACION 1 5 7,R157
INCIDENTE REALINEACION 1 5 8,R158
INCIDENTE REALINEACION 1 5 9,R159
INCIDENTE REALINEACION 1 6 0,R160
INCIDENTE REALINEACION 1 6 1,R161
INCIDENTE REALINEACION 1 6 2,R162
INCIDENTE REALINEACION 1 6 3,R163
INCIDENTE REALINEACION 1 6 4,R164
INCIDENTE REALINEACION 1 6 5,R165
INCIDENTE REALINEACION 1 6 6,R166
INCIDENTE REALINEACION 1 6 7,R167
INCIDENTE REALINEACION 1 6 8,R168
INCIDENTE REALINEACION 1 6 9,R169
INCIDENTE REALINEACION 1 7 0,R170
INCIDENTE REALINEACION 1 7 1,R171
INCIDENTE REALINEACION 1 7 2,R172
INCIDENTE REALINEACION 1 7 3,R173
INCIDENTE REALINEACION 1 7 4,R174
INCIDENTE REALINEACION 1 7 5,R175
INCIDENTE REALINEACION 1 7 6,R176
INCIDENTE REALINEACION 1 7 7,R177
INCIDENTE REALINEACION 1 7 8,R178
INCIDENTE REALINEACION 1 7 9,R179
INCIDENTE REALINEACION 1 8 0,R180
INCIDENTE REALINEACION 1 8 1,R181
INCIDENTE REALINEACION 1 8 2,R182
INCIDENTE REALINEACION 1 8 3,R183
INCIDENTE REALINEACION 1 8 4,R184
INCIDENTE REALINEACION 1 8 5,R185
INCIDENTE REALINEACION 1 8 6,R186
INCIDENTE REALINEACION 1 8 7,R187
INCIDENTE REALINEACION 1 8 8,R188
INCIDENTE REALINEACION 1 8 9,R189
INCIDENTE REALINEACION 1 9 0,R190
INCIDENTE REALINEACION 1 9 1,R191
INCIDENTE REALINEACION 1 9 2,R192
INCIDENTE REALINEACION 1 9 3,R193
INCIDENTE REALINEACION 1 9 4,R194
INCIDENTE REALINEACION 1 9 5,R195
INCIDENTE REALINEACION 1 9 6,R196
INCIDENTE REALINEACION 1 9 7,R197
INCIDENTE REALINEACION 1 9 8,R198
INCIDENTE REALINEACION 1 9 9,R199
INCRUSTACION,0310
INCRUSTACION - HUELLA,2211
INDICACION ERRONEA,3341
INDICACION ILEGIBLE,3340
INEFICACIA,3160
INSCRIPCION ERRONEA,4610
INSCRIPCION ILEGIBLE,4620
INSCRIPCION NO CONFORME,5640
INSONORIZANTE CUARTEADO-DETERIORADO,0920
INSONORIZANTE DESPEGADO,0900
INSONORIZANTE FALTA,0910
INSONORIZANTE MAL POSICIONADO,0930
INSTALACION AFECTACION AK01,AK01
INSTALACION DINAMICA MK01,MK01
INSTALACION DINAMICA MK02,MK02
INSTALACION DINAMICA MK03,MK03
INSTALACION DINAMICA MK04,MK04
INSTALACION DINAMICA MK05,MK05
INSTALACION DINAMICA MK06,MK06
INSTALACION DINAMICA MK07,MK07
INSTALACION DINAMICA MK08,MK08
INSTALACION DINAMICA MK09,MK09
INSTALACION DINAMICA MK10,MK10
INSTALACION DINAMICA MK11,MK11
INSTALACION DINAMICA MK12,MK12
INSTALACION DINAMICO MK13,MK13
INSTALACION DINAMICO MK14,MK14
INSTALACION ESTATICA  2 RK01,RK01
INSTALACION ESTATICA 2 RK01,RK01
INSTALACION ESTATICA 2 RK02,RK02
INSTALACION ESTATICA 2 RK03,RK03
INSTALACION ESTATICA 2 RK04,RK04
INSTALACION ESTATICA 2 RK05,RK05
INSTALACION ESTATICA 2 RK06,RK06
INSTALACION ESTATICA 2 RK07,RK07
INSTALACION ESTATICA 2 RK08,RK08
INSTALACION ESTATICA 2 RK09,RK09
INSTALACION ESTATICA 2 RK10,RK10
INSTALACION ESTATICO 1 CK01,CK01
INSTALACION ESTATICO 1 CK02,CK02
INSTALACION ESTATICO 1 CK03,CK03
INSTALACION ESTATICO 1 CK04,CK04
INSTALACION ESTATICO 1 CK05,CK05
INSTALACION ESTATICO 1 CK06,CK06
INSTALACION ESTATICO 1 CK07,CK07
INSTALACION ESTATICO 1 CK08,CK08
INSTALACION ESTATICO 1 CK09,CK09
INSTALACION ESTATICO 1 CK10,CK10
INSTALACION ESTATICO 1 CK11,CK11
INSTALACION ESTATICO 1 CK12,CK12
INSTALACION ESTATICO 1 CK13,CK13
INSTALACION ESTATICO 1 CK14,CK14
INSTALACION FIRMA SK01,SK01
INSTALACION FIRMA SK02,SK02
INSTALACION FIRMA SK03,SK03
INSTALACION FIRMA SK04,SK04
INSTALACION FIRMA SK05,SK05
INSTALACION FIRMA SK06,SK06
INSTALACION FIRMA SK07,SK07
INSTALACION FIRMA SK08,SK08
INSTALACION FIRMA SK09,SK09
INSTALACION FIRMA SK10,SK10
INSTALACION FIRMA SK11,SK11
INSTALACION FIRMA SK12,SK12
INSTALACION FIRMA SK13,SK13
INSTALACION FIRMA SK14,SK14
INSTALLATION ADAS,DK01
INSTALLATION AFFECTATION AK02,AK02
INSTALLATION AFFECTATION AK03,AK03
INSTALLATION AFFECTATION AK04,AK04
INSTALLATION AFFECTATION AK05,AK05
INSTALLATION AFFECTATION AK06,AK06
INSTALLATION AFFECTATION AK07,AK07
INSTALLATION AFFECTATION AK08,AK08
INSTALLATION AFFECTATION AK09,AK09
INSTALLATION AFFECTATION AK10,AK10
INSTALLATION AFFECTATION AK11,AK11
INSTALLATION AFFECTATION AK12,AK12
INSTALLATION AFFECTATION AK13,AK13
INSTALLATION AFFECTATION AK14,AK14
INSTALLATION DYNAMIQUE MK15,MK15
INSTALLATION FREINAGE BK01,BK01
INSTALLATION PARALLELISME PK01,PK01
INSTALLATION REMPLISSAGE FK01,FK01
INSTALLATION STATIQUE 2 RK11,RK11
INSTALLATION STATIQUE 2 RK12,RK12
INSTALLATION STATIQUE 2 RK13,RK13
INSTALLATION STATIQUE 2 RK14,RK14
INSTALLATION TAS,TK01
INSUFICIENTEMENTE AUDIBLE,8320
INTERFERENCIA,1766
INTERFERENCIA-CONTACTO ESTATICO,5020
INTERRUPTOR AUSENTE,0749
INTERRUPTOR MAL CLIPSADO,0751
INTERRUPTOR NO CONFORME,0750
INTRODUCE,0020
INTRODUCE DIFERENTE I. /  D.,0022
INTRODUCE DIFERENTE I. / D.,0022
INTRODUCE IRREGULAR,0021
INVERTIDO,0037
IRISACION,0784
IRISACIONES. MARMOLEADO,1230
JOUR,1884
JUEGO ANORMAL (VERIF. CARROCERIA),4191
JUEGO DE ESTANQUIDAD EXCESIVO,0032
JUEGO DE ESTANQUIDAD INSUFICIENTE,0042
JUEGO EXCESIVO,0030
JUEGO INSUFICIENTE,0040
JUEGO IRREGULAR,0060
JUEGO MAL REPARTIDO,0080
JUEGO NO CONFORME,1767
JUNTA DE ESTANQUIDAD DESPEGADA,2661
JUNTA DE ESTANQUIDAD DETERIORADA,4941
JUNTA DEFECTUOSA,0769
JUNTA DEFECTUOSO,0852
JUNTA DEFORMADA,2241
JUNTA DESPEGADA,0987
JUNTA DETERIORADA,4933
JUNTA ESTANQUIDAD MAL POSICIONADA,4931
JUNTA MAL ASPECTO,4935
JUNTA MAL CALZADA,4934
JUNTA MAL GRAPADA,0962
JUNTA MAL POSICIONADA,4932
KILOMETRAJE EXCESIVO,4305
LACA ESTALLADA,0746
LAMELUNAS MAL POSICIONADO,2810
LAMPARA MAL CONECTADA,4843
LAMPARA NO CONFORME,3740
LAMPARA NO FUNCIONA,3720
LAMPARA O TESTIGO NO SE APAGA,3730
LECHEUR DETERIORE,7713
LETTRE MANQUE,7863
LEVRE RETOURNEE,1913
LIQUIDO NO CONFORME,5310
LOCTITE MAL DOSE,1919
LOGO DESCLIPSADO,0730
LUGETTE SANS CALE,1904
MACHAQUEO,7350
MAIGREUR BASE MACHINE,7710
MAIGREUR BASE MANUEL,7711
MAIGREUR BASE ROBOT,7712
MAIGREUR VERNIS MACHINE,7707
MAIGREUR VERNIS MANUEL,7708
MAIGREUR VERNIS ROBOT,7709
MAL  AJUSTADO,2110
MAL  ASPECTO SOLDADURA,2360
MAL - NO CONECTADO,5050
MAL ACOPLADO,2230
MAL ACOSTAJE,0110
MAL AJUSTADO,0909
MAL ALINEADO,2130
MAL ALOJADO,0986
MAL APILADO,1769
MAL APRETADO,0045
MAL ARRANQUE EN CALIENTE,6270
MAL ARRANQUE EN FRIO,6260
MAL ASPECTO,2170
MAL ASPECTO DE PINTURA,2280
MAL ASPECTO PLANO DE JUNTA,0370
MAL ASPECTO SOLDADURA,2360
MAL BARRIDO A GRAN VELOCIDAD,3970
MAL CALADO,0043
MAL CENTRADO,2070
MAL CERRADO,0842
MAL CLIPSADO,2590
MAL CORTADO,2320
MAL ENCICLADO,1868
MAL ENGASTADO,0967
MAL ENMANGADO,0044
MAL ENSAMBLADO,0039
MAL EQUILIBRADO,6290
MAL FIJADO,0878
MAL FUNCIONAM. ELECT. EN MECANICA,6051
MAL FUNCIONAMIENTO,0988
MAL FUNCIONAMIENTO ELECTRICO,4091
MAL GRAPADO,4430
MAL HIGIENIZADO,1716
MAL INDEXADO,1950
MAL INDEXADO MANGUITO,4771
MAL LLENADO,1906
MAL MECANIZADO,0047
MAL MONTADO,0908
MAL ORIENTADO,2380
MAL PERFILADO,0976
MAL PERFILADO - ENMASCARADO,2480
MAL POSICIONADO,4040
MAL POSICIONADO MANGUITO CANALIZACION,0741
MAL POSICIONADO PASA-CABLES,4040
MAL PURGADO,0985
MAL REBABADO,2310
MAL REBATIDO (CHAPA),0245
MAL REBORDEADO,2140
MAL REGLADO,4530
MAL REGLADO : MUY ALTO,4531
MAL REGLADO : MUY BAJO,4532
MAL REGLADO: MUY ALTO,4531
MAL REGLAGE ( PINTURA ).,7771
MAL RETOQUE DE CHAPA,0225
MAL RETOQUE DE PINTURA,0085
MAL SELLADO DE MAQUINA,0081
MAL SELLADO MANUAL,0079
MAL TENSADO,1952
MALA ALINEACION COSTURA - MOTIVO,2950
MALA BAJADA DE VELOCID. EN CALIENTE,6380
MALA BAJADA DE VELOCID. EN FRIO,6370
MALA CONDUCCION - RECORRIDO,5030
MALA CONDUCCION CABLEADO,4210
MALA CONEXION DEL CABLEADO,4090
MALA ESTABILIDAD,6630
MALA ESTABILIDAD FUSIBLE,0735
MALA EVACUACION,9800
MALA MATERIA,0072
MALA PUESTA EN MARCHA,6320
MALA SELECCION,6550
MALA SEPARACION,5010
MALA SINCRONIZACION,6570
MALA SUBIDA DE VELOCID. EN CALIENTE,6360
MALA SUBIDA DE VELOCID. EN FRIO,6350
MALA TRAYECTORIA ROBOT CORDON,1787
MANCHA,2150
MANCHA DE ACEITE (CHAPA),1873
MANCHA DE ACEITE (MONTAJE),1875
MANCHA DE ACEITE (PINTURA),1874
MANCHA EN LA PINTURA,1150
MANCHAS DE COLA,2540
MANGUITO NO CONECTADO,0790
MANQUE (CAUSE BUREAU D'ETUDE),MQ02
MANQUE (CAUSE FLUX PEINTURE),MQ01
MANQUE AZOTE,1777
MANQUE CALE TIERS DE COURSE,1903
MANQUE DEFAUT SUR CARTON DE CONTROLE,7864
MANQUE EBAVURE,U404
MANQUE FLUIDE,1914
MANQUE OBTURATEUR PEINTURE,7942
MANQUE PONCE FOURNISSEUR,7720
MANQUE PONCE MONTAGE,7914
MANQUE PONCE PEINTURE,7719
MARCA DE UTIL,0330
MARCA O EXCESO DE ESTAMPACION,0340
MARQUAGE MANQUE,1985
MARTILLEO,7300
MASA ACUSTICA DETERIORADA,5382
MASA ACUSTICA NO APRETADA,5381
MASA FLOJA - NO CONECTADA,5800
MASA NO CONECTADA - FLOJA,4800
MASSA MAL O NO APRETADA O DETERIORADA,7936
MASTIC OUVRANT NON-CONFORME,8805
MASTICO AGRIETADO,1090
MASTICO AGRIETADO ,1090
MASTICO ANTIGRAVILLA ABUNDANTE,1080
MASTICO ANTIGRAVILLA FALTA,1060
MASTICO ANTIGRAVILLA IRREGULAR,1070
MASTICO AUSENTE,1030
MASTICO BAJO LACA,1053
MASTICO DE CHAPA CUARTEADO,0709
MASTICO DE CHAPA DESPEGADO,0708
MASTICO DE CHAPA FALTA,0702
MASTICO DE CHAPA IRREGULAR,0704
MASTICO DE CHAPA MAL POSICIONADO,0701
MASTICO DE CHAPA SUPERABUNDANTE,0705
MASTICO DESPEGADO,1091
MASTICO IMPIDE EL MONTAJE,1052
MASTICO INSONOR. FALTA,0810
MASTICO INSONOR. MAL POSICIONADO,0820
MASTICO INSONORIZANTE  DETERIORADO,0800
MASTICO INSONORIZANTE DETERIORADO,0800
MASTICO IRREGULAR,1040
MASTICO MAL APLICADO,1837
MASTICO MAL POSICIONADO,1010
MASTICO MONTAJE DESPEGADO,1931
MASTICO PERFORADO,1717
MASTICO PINTURA DESPEGADO,1930
MASTICO PINTURA FALTA,1932
MASTICO PINTURA IRREGULAR,1933
MASTICO SUPERABUNDANTE,1050
Matching NON OK,2952
MAULLIDO,7570
MAUVAIS ASPECT GARNISSAGE,7904
MAUVAIS ENCYCLAGE,ENCY
MAUVAIS ESSUYAGE,7870
MECANIZADO NO CONFORME,0067
MEDIDA NO CONFORME,7777
MELANGE TEINTE,7759
MOJADA,0951
MOLAIRE MAL CLIPSE,7946
MONOTONO RECIRC,25AE
MONTADO DE TRAVES,3410
MOTOR ARRANCA FUERA DE N-P BVA.,6740
MOTOR NO ARRANCA N-P BVA.,6730
MOUILLABILITE MANQUE,7760
MOUSSE DECOLLEE,4861
MOUSSE DETERIOREE,4863
MOUSSE FALTA,4864
MOUSSE MAL POSITIONNEE,4862
MOUSSE NON-CONFORME,4865
MOYEN SUBSTITUTION,7764
MQ AUTORIS REGL,795C
MQ PEINTURE,U218
MUCHOS KILOMETROS,0710
MUELA ROTA,0933
MUELLE NO CONFORME,7798
MULLIDO,0739
MUY CALIENTE,3980
MUY LENTO,3180
MUY LIBRE,3190
MUY METIDO,0767
MUY TENSADO,2860
NE FERME PAS,3235
NE S OUVRE PAS,3225
NIVEL DE ACEITE NO CONFORME,0754
NIVEL EXCESIVO,5170
NIVEL INSUFICIENTE,5180
NIVEL NO CONFORME,0957
NO ABRE,1712
NO AGARRA,0082
NO APRETADO,0756
NO APRETADO SOBRE PIE,1880
NO APRETADO SOBRE PUERTA,1879
NO ARRANCA,0048
NO BAJA A FONDO,3230
NO CIERRA,0843
NO CONDENA,3080
NO CONECTADO AL GMP,1870
NO CONFORME,4300
NO CONFORME ( DLI ),0075
NO CONFORME ( FAB ),0074
NO CONFORME ( PROVEEDOR ),0076
NO CONFORME AL TIPO,0052
NO DESLIZA,0051
NO ENGANCHA,0049
NO ENTRA,1710
NO ENTRA VELOCIDAD EN BVA.,6670
NO EQUIPADO,0753
NO FUNCIONA,3110
NO GRANULADO,2500
NO LLENO,0760
NO MONTADO,0738
NO PLACA,2120
NO PROGRAMADO,0095
NO REALIZADO,1731
NO RECUPERA,1713
NO RETIENE,1711
NO RUEDA,0083
NO SALE,1709
NO SE LEE,0036
NON INITIALISE,0794
NON PERTINENT,7929
NON RELIE / DD,3677
NON RELIE / DG,3676
NON SERRE HORIZONTAL,7741
NON SERRE SUP,7737
NON SERRE VERTICAL,7740
NON VERROUILLE,77AA
OBTUR PEINT MAL POSITIONNE,7943
OBTURADOR  MAL AJUSTADO,2210
OBTURADOR DEFORMADO,4081
OBTURADOR DETERIORADO,4080
OBTURADOR DURO DE MANIOBRAR,4082
OBTURADOR FLOJO - LIBRE,4100
OBTURADOR FUERA DE ALOJAMIENTO,1733
OBTURADOR MAL AJUSTADO,2210
OBTURADOR MAL POSICIONADO,4070
OBTURADOR NO CONFORME,2670
OBTURADOR TONOS NO COMBINADOS,2680
OEIL BLANC,7905
OEIL NOIR,7907
OEIL ORANGE,7906
OLOR DESAGRADABLE,3415
ONDULACION,0250
ONDULACION DE PULIDO CON ALUMINIO,0255
ONDULADO,2180
OPERACION MAL REALIZADA,2222
OPERACION NO REALIZADA,2233
OPERACION NO REALIZADA  ,4301
OPERACION NO REALIZADA (MECANICA),5302
ORGANO FALTA,7702
ORGANO MAL FIJADO,1886
ORGANO NO FUNCIONA,4845
OSNR,8953
OSNR EOLT,8959
OSNR ZIPPAGE ABL,8956
OXIDACION,0390
OXIDO - PICADURA,2190
OXIDO . PUNTO DE OXIDO,5190
OXIDO TORN. - TUERCA - REMACHE - GRAPA,2220
PANNE EOLT,8960
PANNE ZIPPAGE ABL,8957
PANTALLA TERMICA MAL POSICIONADA,5620
PAR DE APRIETE PARALELISMO  AV NC,7948
PAR DE APRIETE PARALELISMO AV NC,7948
PAR DE APRIETE TREN AR NC,7950
PARADA INTEMPESTIVA,3800
PARALELISMO FUERA DE TOLERANCIA,5200
PARAMETRO NO CONFORME,7801
PAREJA NO CONFORME,0014
PAS D AVANCE,7930
PASA - CABLES MAL POSICIONADO,5470
PASA-CABLES : FLOJO - LIBRE,4680
PASO DE LUZ,3750
PASO INTEMPESTIVO DE VELOCIDAD / BVA.,6603
PASSAGES EXCESSIFS EN ETUVE,7756
PASTA FIJADORA MAL POSICIONADA,5750
PASTILLA ADHESIVA DESPEGADO,0999
PASTILLA ADHESIVA FALTA,0998
PASTILLA ANTICORROS. MAL PEGADA,4706
PASTILLA ANTICORROS. MAL POSICIONADA,4705
PASTILLA TUERCA DESOLDADA,0923
PASTILLE ADHESIVE MAL POSITIONNEE,7860
PASTILLE ADHESIVE MANQUE,7859
PATA DE FIJACION MAL PLEGADA,0670
PATILLA DEFORMADA,1742
PATILLA ROTA,1741
PATINA,6450
PATINA CAJA VELOCID. AUTOMATICA,6490
PATTE SUPPORT SONDE MAL POSITIONNE,1813
PATTE SUPPORT SONDE MANQUE,1812
PEGA,0013
PEINTURE FISSUREE,1497
PELLIZCADO,5320
PEON NO-CONFORME,7850
PESTA¥A MAL POSIC. - NO PLACA,0242
PESTAÑA DEFORMADA,0241
PETARDEO,7340
PICADO BIELA (PICADO DE TAQUES),7170
PICADURAS,1130
PICO,0230
PICO ( CHAPA ),1801
PICO ( MONTAJE ),1890
PICO ( PINTURA ),1802
PICOT ( EMBOUT ),8978
PICOT CHAPA,0879
PIECE CASSEE,8950
PIECE MONTEE,7757
PIEL DE NARANJA,1240
PIEZA CAIDA,7803
PIEZA DE PLASTICO MAL PERFILADA,2460
PIEZA MAL POSICIONADA,8952
PIEZA VOLVER A MONTAR,1729
PIEZAS MEZCLADAS,7804
PILLADO,0905
PILLADO EN PEDALES,1912
PILLADO EN PIPA,1911
PINHOLES,7826
PION MAL CLIPSE,7851
PIQUAGE RESERVOIR NON BRANCHE,1839
PLANO DE JUNTA AGRESIVO,0380
PLANO DE JUNTA NO CONFORME,0054
PLIEGUE DE CHAPA,0350
PLIEGUES,0890
PLOT NO APRETADO,1957
POIL,7721
POINT DE SOUDURE DEFORME,0416
POINT DE SOUDURE MAL POSITIONNE,0415
POROSO,0055
PORRAZO DE MONTAJE,0725
POSICION DIAMETRO NC,U165
POSITION AXE CORDON NC,U553
PRE ATORNILLADO NO CONFORME,1953
PREDOMINA EL FRENADO AR.,6760
PREDOMINA EL FRENADO AV.,6750
PRELEVEMENT MASTIC,7933
PRE-REGL NC,795B
PRES POUSSIERE,7872
PRESENCE CORPS GRAS ( ORIG INSTAL ),7918
PRESENCE CORPS GRAS ( ORIG TOL ),7917
PRESENCE EAU ( ORIGINE INSTAL ),7916
PRESENCE FIL DE SOUDURE,7927
PRESENCE GAS-OIL,7840
PRESENCE HUILE,7838
PRESENCIA DE AGUA (ORIGEN INDETERMINADO),9000
PRESENCIA DE AIRE,0774
PRESENCIA DE BARNIZ COPOLIMERO,1600
PRESENCIA DE CERA,4991
PRESENCIA DE PIEZA NO JUSTIFICADA,2340
PRESENCIA LIQUIDO REFRIGERACION,7839
PRESSION CARTER CYLINDRE NON-CONFORME,7831
PRESSION NON-CONFORME,7841
PROJECTION CIRE,2287
PROJECTION INSONORISANT,7915
PROTECTEUR MAUVAIS ASPECT,4892
PROTECTOR DETERIORADO,4880
PROTECTOR LIBRE O NO APRETADO,4891
PROTECTOR MAL POSICIONADO,4890
PROTECTOR NO CONFORME,4871
PROYECCION,5011
PROYECCION DE MASTICO,0089
PROYECCION DE PINTURA,1430
PROYECCION DE SOLDADURA,0440
PROYECCION MASTICO DE CHAPA,0703
PROYECCION P2,1470
PRUEBA BV NO CONFIRMADA,1907
PUNTO DE CORROSION,0391
PUNTO DE OXIDO,1500
PUNTO DE SOLDADURA DESPEGADO,0441
PUNTO MEDIO NO CONFORME,0740
PURGA NO CONFORME,0736
PUSTULAS,1140
QUEMADO,2580
RAJADO,2400
RALENTI ACELERADO MUY ALTO,6840
RALENTI ACELERADO MUY BAJO,6850
RALENTI ACELERADO NO FUNCIONA,6860
RASGADO,2160
RASQUIDO,7380
RASTRO DE LIMPIEZA,0726
RAYA DE LIJADO,1250
RAYA DE PINTURA,0763
RAYA EN PIEZA DE CHAPA,0360
RAYA LLEGA A LA CHAPA,1531
RAYA MONTAJE,1780
RAYA SOBRE LACA,1530
RAYADO,2330
RAYAS,1520
RAYAS ,1520
RAYAS ( PINTURA ),1805
REACCION DE LA DIRECCION,6480
REBATIDO NO CONFORME,1771
REBOSA CARBURANTE,6900
RECHINA JUNTA A LA APERTURA - CIERRE,8130
RECHINAMIENTO,7130
REFERENCIA ILEGIBLE,0056
REFLEJO DE LOS MANDOS ILUMINADOS,3960
REGIMEN INESTABLE,6500
REGIMEN MUY LENTO,6520
REGIMEN MUY RAPIDO,6510
REGLAGE IMPOSSIBLE ( ROUE CREVEE ),1916
REGLAJE IMPOSIBLE,3390
REGLAJE NO CONFORME,1772
RELE DEFECTUOSO,4490
RELE MAL CONECTADO,4842
RELE MAL FIJADO,4520
RELE MAL- NO CONECTADO,4510
RELE NO CONFORME,4500
RELE RUIDOSO (EQ. CARROCERIA),4521
RELLENO DEFECTUOSO,4920
REMACHE AGRESIVO (POP-KSM-...),4470
REMACHE FALTA,4460
REMACHE MAL POSICIONADO (POP-KSM-...),4480
RESONANCIA,7410
RESTALLA - CHISPORROTEA,7220
RESTOS DE PEGAMENTO,0869
RESUDADO,5070
RETIRAR,1795
RETOQUE DE PINTURA APARENTE,1400
RETOQUE IMPOSIBLE PEQUENO PLATEAU,1905
RETOQUE LOCAL CON PLUMA,1450
RETOQUE NC,U108
RETOQUE NO TERMINADO,1410
RETORCIDO,0065
RETORNA MAL,3400
RETOUCHE LOCALE_PLUME MONTAGE,1929
RETOUCHE LOCALE_PLUME PEINTURE,1928
RETRAIT MAROUFL A VRF,25AD
REVESTIMIENTO SE LEVANTA,2710
RIVKLE DETERIORE,1804
RIVKLE FALTA,0932
RIVKLE MAL POSICIONADA,0883
RIVKLE NON-CONFORME,7718
RIVKLE SE GIRA,0953
ROCE,0966
RODAMIENTO RUIDOSO,7470
ROMANA DEFECTUOSA,0903
ROMANA DETERIORADA,0888
ROMANA MAL POSICIONADA,0886
ROMANA MAL SOLDADA,0891
ROMANA NO CONFORME,0889
ROMANA ROTA,0901
ROMANA SE GIRA,0991
ROMANA SOLAPADA,0887
ROSCA CON PROYECCIONES,1757
ROSCA NO CONFORME,0063
ROSCA TRASROSCADA,0025
ROTACION NO CONFORME,1770
ROTO,3240
RUDEZA - ASPEREZA DEL MOTOR,7360
RUIDO A LA APERTURA,8690
RUIDO A LA MANIOBRA,8220
RUIDO AL CIERRE,8700
RUIDO ANORMAL,8710
RUIDO ANORMAL EN FRIO,8730
RUIDO CICLICO,7120
RUIDO DE ABRASION,7060
RUIDO DE AIRE,8100
RUIDO DE AIRE EN POSICION ABIERTA,8110
RUIDO DE AIRE EN POSICION CERRADA,8120
RUIDO DE ASPIRACION,7070
RUIDO DE BOCA,7080
RUIDO DE CABLEADO,8600
RUIDO DE CAMORRA,7560
RUIDO DE CUERNO DE BRUMA,8260
RUIDO DE CUERPO EXTRA¥O,8500
RUIDO DE GRAVILLA,8060
RUIDO DE PARASITOS RADIO,8240
RUIDO DE PUNTO MUERTO,7370
RUIDO DE RAFAGA,7390
RUIDO DE REASPIRACION,7400
RUIDO DE RODADURA,7450
RUIDO EN POSICION ABIERTA,8200
RUIDO EN POSICION CERRADA,8210
RUIDO EN TWEETER,0980
RUIDO LUNA ENTREABIERTA,8270
RUIDOSO,0008
SALTEADO,0059
SALTOS,6540
SANGRADO,7825
SCELLAGE HUILE NC,U662
SE CALA AL ARRANCAR,6240
SE CALA EN RALENTI,6230
SE DESCLIPSA,0992
SE EMBALA EN BVA.,6680
SE ENGANCHA,3010
SE SALE DE LA GUIA,3280
SE TIENE MAL  (A LA MANIOBRA),3290
SE TIENE MAL (A LA MANIOBRA),3290
SECADO,0061
SELECTOR MAL POSICIONADO,1900
SILBIDO,8250
SILBIDO (RUIDO HIDRAULICO),7160
SILBIDO EN POSICION CERRADA,8720
SILBIDO FRENANDO,7490
SILBIDO SIN FRENAR,7480
SILENBLOC DEFECTUOSO,1701
SILENBLOC FALTA,1703
SILENBLOC MAL POSICIONADO,1702
SILENBLOC NO CORRESPONDE,1704
SIN FIRMA,1726
SIN FIRMA BATERIA,1901
SIN FIRMA DE PINTURA,2275
SIN FUGA,0870
SIN PINTAR,0747
SIN PRESION,0057
SIN QUITAR CALA,1793
SIN QUITAR TORNILLO,1794
SIN SILICONA,0058
SIRENEO,7732
SIRENEO AL ACELERAR,7510
SIRENEO AL REDUCIR,7500
SOBRESALE,0010
SOBRESALE DIFERENTE I. /  D.,0012
SOBRESALE DIFERENTE I. / D.,0012
SOBRESALE IRREGULAR,0011
SOBRESPESOR,0062
SOBRESPESOR MASTICO,1051
SOLD. DEFECT. SOPORTE - REFUERZO,0490
SOLDADURA AGRESIVA,4141
SOLDADURA DEFECTUOSA,0460
SOLDADURA ESTALLADA,0480
SOLDADURA ESTALLADA O PERFORADA,0243
SOLDADURA FALTA,0450
SOLDADURA LISTEL FALTA,0244
SOLDADURA MAL O NO CEPILLADA,0510
SOLDADURA MAL POSICIONADA,0430
SOLDADURA NC,0451
SOLDADURA NO CONFORME,7778
SOLDADURA PERFORADA,0470
SOLDADURA POROSA,0420
SOMBRAS,0993
SOPORTE - REFUERZO DETERIORADO,0150
SOPORTE - REFUERZO FALTA,0160
SOPORTE - REFUERZO MAL POSICIONADO,0130
SOPORTE - REFUERZO MAL REMACHADO,0140
SOPORTE AGRESIVO,5363
SOPORTE CONECTOR FUERA DE SERVICIO,0847
SOPORTE DEFORMADO,5362
SOPORTE DESCONCHADO,0840
SOPORTE DETERIORADO,5361
SOPORTE MAL CENTRADO,2920
SOPORTE MAL POSICIONADO,5360
SOPORTE NO APRETADO,5380
SOPORTE NO CONFORME,5371
SOPORTE NO PLACA,2910
SOPORTE RAYADO,0841
SORTIE CASSEE,7714
SOUS DEROGATION,7995
STRIPPING MAL ASPECTO,4981
STRIPPING PAS EN LIGNE,4961
SUCIEDAD,2050
SUCIEDAD HORNO CATAFORESIS,11AA
SUCIEDAD HORNO INTERMEDIO,11AB
SUCIEDAD MULTICOLOR,11AG
SUCIEDAD RESTOS DE PULIMENTO,2051
SUCIEDAD TOPE DE PUERTA,0787
SUCIO,0097
SUCIO DE GRASA,0949
SUELTO,6190
TALADRADO,4200
TALADRADO - PERFORADO,0290
TALADRO DEFORMADO,1737
TALADRO DESPLAZADO,1730
TALADRO MAL POSICIONADO,1725
TALADRO NO COINCIDE,1715
TALADRO NO CONFORME,0053
TALADRO OBTURADO,1736
TALADRO SOLAPADO,1735
TALONA,0091
TALONA  A LA MANIOBRA,0170
TALONA A LA MANIOBRA,3420
TALONAM. - CONTACTO AL MANIOBRAR,6420
TALONAMIENTO EN CARGA,6410
TALONNEMENT MASTIC PEINTURE,7968
TAMBORILEO,8530
TAPA FIJACION BARRA.GALERIA AV.D,5903
TAPA FUERA DE SEVICIO / FALTA,0716
TAPA JUNTA DEFORMADA - DETERIORADA,4940
TAPA JUNTA FALTA,4950
TAPA JUNTA MAL POSICIONADA,4930
TAPA MAL POSICIONADA,1719
TAPA MAL PUESTA,0046
TAPA SUELTA,0960
TARAUDAGE DETERIORE,8976
TEINTE NON ASSORTIE MONTAGE,1924
TEINTE NON ASSORTIE PEINTURE,1925
TENSION DEFECTUOSA,5870
TENSION NO CONFORME,0064
TERMINAL - CLIP - CONECT.LIBRE- FLOJO,4820
TERMINAL - CLIP - CONECTOR  DETERIORADO,4840
TERMINAL - CLIP - CONECTOR DETERIORADO,4840
TERMINAL - CLIP - CONECTOR INVERTIDO,4810
TERMINAL DETERIORADO,4841
TERMINAL MAL APRETADO,4846
TERMINAL. CLIP. B-CONEC MAL POSICIONADO,4780
TEST ACOPLADOR 4x4 NC,7963
TEST CV NO CONFORME,1785
TEST NON-CONFORME,7704
TEST RV-LV NO CONFORME,7964
TETON DEFORMADO,0928
TETON DESPLAZADO,0929
TETON MAL POSICIONADO,0931
TETON ROTO,1783
TETON SUELTO,1784
TIEMPO LARGO PASO DE VEL./ BVA.,6690
TIPO NO CONFORME 185,1796
TIPO NO CONFORME 195,1797
TIPO NO CONFORME 215,1798
TIRADOR DEFECTUOSO,8808
TIRADOR FALTA,8807
TIRADOR SUELTO,8806
TIRANTE - CABLE DETERIORADO,4390
TIRANTE - CABLE MAL POSICIONADO,4380
TIRANTE - CABLE NO APRETADO,4400
TIRETTE DEFECTUEUSE,8809
TIRO,6280
TOPE AGRESIVO,4853
TOPE DEMASIADO LIBRE,4851
TOPE INEFICAZ,4852
TOPE LENGUETA INEFICAZ,0099
TOPE MAL POSICIONADO,4854
TOPE MAL REGLADO,4860
TOPE ROTO,0098
TORNILLO - FIJACION TRASROSCADO,4251
TORNILLO - REMACHE AGRESIVO,2290
TORNILLO DEFECTUOSO,1764
TORNILLO FALTA,0720
TORNILLO FIJ. TRASROSCADO(MECANICA),5251
TORNILLO FLOJO,0963
TORNILLO FUERA DE ALOJAMIENTO,0978
TORNILLO INCLINADO,1763
TORNILLO NO CORRESPONDE,0948
TORNILLO PASADO,0068
TORNILLO REGLAJE ROTO / FALTA,0721
TORNILLO ROTO,0913
TRACE DE CRAIE,7765
TRACE DE PONCAGE ( PSEUDO ),7758
TRACES,U119
TRANSMISION DE RUIDOS,7550
TRANSPARENCIA DE RUIDOS EXTERIORES,8300
TRASP. / PALANCA DE VELOCIDADES,7549
TRASP. / PASA-CABLES ELECTRICO,7544
TRASP. / PASA-FUNDAS,7546
TRASP. / PASA-TUBO DE AIRE ACOND.,7547
TRASP. / PASA-TUBOS DE CALEFACCION,7545
TRASPARENCIA / AIREADORES,7548
TRASPARENCIA / JUNTA G.M.V.,7542
TRASPARENCIA / SOPORTE PEDALES,7543
TRASPARENCIA DE LIJADO,0950
TRASPARENCIA DE PINTURA,1490
TRASPARENCIA RUIDOS /OBT. COL. DIRECCION,7541
TRASPARENCIA RUIDOS/ SALPICADERO,7540
TRASROSCADO,0027
TRAYECTORIA DESPLAZADA,1881
TRAZA DE DISCO,0260
TRAZA DE LIJADO (CHAPA),1778
TRAZA DE LIJADO (PINTURA),1779
TRAZABILIDAD MAL O NO REALIZADA,1786
TREPIDACION,6650
TROU DANS MASTIC,1003
TUBO DE IDA DETERIORADO,4580
TUBO DE IDA FLOJO,4590
TUBO DE IDA MAL ENMANDADO,4650
TUBO DE IDA PELLIZCADO,4670
TUBO DE RETORNO DETERIORADO,4740
TUBO DE RETORNO FLOJO,4750
TUBO DE RETORNO MAL ENMANGADO,4900
TUBO DE RETORNO MAL POSICIONADO,4760
TUBO DE RETORNO PELLIZCADO,4910
TUBO LLEGADA MAL/NO ENMANGADO,5880
TUBO NO CORRESPONDE,1714
TUBO RETORNO MAL/NO ENMANGADO,5790
TUBO-CANALIZACION DE IDA MAL POSICIO.,4600
TUBO-CANALIZACION MAL RECORRIDO,4030
TUCKER CORTADO,0958
TUCKER DESPLAZADO,0959
TUCKER ROTO,0958
TUERCA CON PROYECCIONES,1744
TUERCA DEFECTUOSA,1762
TUERCA DESOLDADA,0874
TUERCA EN CAJA DETERIORADA,0922
TUERCA FALTA,0871
TUERCA FLOJA,0897
TUERCA MUY APRETADA,0983
TUERCA NO CONFORME AL TIPO,1975
TUERCA SE GIRA,0952
TUERCA SOLDADA FALTA,0885
TUERCA TRASROSCADA,0772
TUERCA TRASROSCADO,1761
TUYAU NON-CONFORME,7837
UMBRALES ANORMALES / BVA,6560
UNIDAD CENTRAL HABITACULO MAL CONECTADA,0845
UNIDAD CENTRAL HABITACULO NO CONFORME,0844
VAGABUNDEO - ESTABILIDAD,6620
VALEUR FALTA,7865
VALIDACION NO OK,0849
VALOR CARROCERIA AR FUERA DE TOLERANCIA,7952
VALOR CARROCERIA AV FUERA DE TOLERANCIA,7951
VALOR EFICACIA FRENADO NC,7965
VALOR EFICACIA FRENO MANO NC,7966
VALOR PARALELISMO AR FUERA TOLERANCIA,7949
VALOR PARALELISMO AV FUERA DE TOLERANCIA,7947
VALOR PRE-REGLAJE FAROS FUERA TOLERANCIA,7958
VALOR REGLAJE FAROS FUERA TOLERANCIA,7957
VALVULA PILLADA,0925
VARIACION PRESION,0792
VARIACION TOTAL PARAL. FUERA TOLERANCIA,5910
VARILLA MAL GRAPADA,0971
VELOCIDAD PALIER DE CHAUFFE NC,7961
VELOCIDAD PALIER OBD NC,7962
VELOCIDAD SALTA AL ACELERAR,6660
VELOCIDAD SALTA AL RETENER,6770
VELOCIDAD SE SALE,6600
VERIF. NO REALIZADA (GAMA),4303
VERIFICACION NO REALIZADA GAMA,5303
VERIFIER APRES RETOUCHE,7736
VIBRACION,8440
VIBRACION AL CIERRE DE LA PUERTA,8312
VIBRACION DE PANTALLA TERMICA,7600
VIBRACION EN RALENTI,8430
VIBRACION SIN RUIDO,6440
VINT ILI KREPLENIE PROVORAChIVAYuTSYa (MEHANIKA),5151
VIOLABILIDAD,3321
VIS AR NON SERREE,4276
VIS ARD NON SERREE,7903
VIS ARG NON SERREE,7902
VIS AV NON SERREE,4275
VIS AVD NON SERREE,7901
VIS AVG NON SERREE,7900
VIS ELEMENT DE LIAISON MAL SERREE,1917
VISION INTERNA EXCESIVA,2171
VRILLE,3430
VULNERABILIDAD,3320
ZIPPAGE RUEDAS NO CONFORME,0731
ZOCALO ROTO,0868
ZONA LISA NO CONFORME,0752
ZUMBIDO,7090
ZUMBIDO EN RALENTI,7091
